<?xml version="1.0" encoding="UTF-8"?>
<project-private xmlns="http://www.netbeans.org/ns/project-private/1">
    <editor-bookmarks xmlns="http://www.netbeans.org/ns/editor-bookmarks/2" lastBookmarkId="0"/>
    <open-files xmlns="http://www.netbeans.org/ns/projectui-open-files/2">
        <group>
            <file>file:/C:/Users/ADMIN/OneDrive/Documents/NetBeansProjects/ResumeAnalyzer/src/java/com/resumeanalyzer/util/DatabaseConnection.java</file>
            <file>file:/C:/Users/ADMIN/OneDrive/Documents/NetBeansProjects/ResumeAnalyzer/src/java/com/resumeanalyzer/model/Student.java</file>
            <file>file:/C:/Users/ADMIN/OneDrive/Documents/NetBeansProjects/ResumeAnalyzer/src/java/com/resumeanalyzer/model/JobRole.java</file>
            <file>file:/C:/Users/ADMIN/OneDrive/Documents/NetBeansProjects/ResumeAnalyzer/src/java/com/resumeanalyzer/dao/StudentDAO.java</file>
            <file>file:/C:/Users/ADMIN/OneDrive/Documents/NetBeansProjects/ResumeAnalyzer/src/java/com/resumeanalyzer/model/AnalysisResult.java</file>
            <file>file:/C:/Users/ADMIN/OneDrive/Documents/NetBeansProjects/ResumeAnalyzer/src/java/com/resumeanalyzer/dao/AnalysisDAO.java</file>
            <file>file:/C:/Users/ADMIN/OneDrive/Documents/NetBeansProjects/ResumeAnalyzer/src/java/com/resumeanalyzer/dao/AdminDAO.java</file>
            <file>file:/C:/Users/ADMIN/OneDrive/Documents/NetBeansProjects/ResumeAnalyzer/src/java/com/resumeanalyzer/service/ResumeAnalysisService.java</file>
            <file>file:/C:/Users/ADMIN/OneDrive/Documents/NetBeansProjects/ResumeAnalyzer/src/java/com/resumeanalyzer/controller/AdminLoginServlet.java</file>
            <file>file:/C:/Users/ADMIN/OneDrive/Documents/NetBeansProjects/ResumeAnalyzer/src/java/com/resumeanalyzer/controller/LogoutServlet.java</file>
            <file>file:/C:/Users/ADMIN/OneDrive/Documents/NetBeansProjects/ResumeAnalyzer/src/java/com/resumeanalyzer/controller/AnalyzeTextServlet.java</file>
        </group>
    </open-files>
</project-private>
